RMSE,MAE,MAPE,lstm_unit,drop_rate,dense_unit,batch_size,epochs
124958.488083043,79794.5625,3.065055049955845,32,0.5,64,3,50
